timeStamp,elapsed,label,responseCode,responseMessage,threadName,dataType,success,failureMessage,bytes,sentBytes,grpThreads,allThreads,URL,Latency,IdleTime,Connect
1674470463953,154,get_method,200,OK,HW_1_50 1-1,text,true,,187,148,4,4,http://5.75.203.123:5005/get_method?name=Slava&age=30,146,0,78
1674470463953,154,get_method,200,OK,HW_1_50 1-2,text,true,,187,148,4,4,http://5.75.203.123:5005/get_method?name=Slava&age=30,146,0,77
1674470464004,120,get_method,200,OK,HW_1_50 1-3,text,true,,187,148,4,4,http://5.75.203.123:5005/get_method?name=Slava&age=30,120,0,59
1674470464065,126,get_method,200,OK,HW_1_50 1-4,text,true,,187,148,5,5,http://5.75.203.123:5005/get_method?name=Slava&age=30,125,0,63
1674470464110,127,user_info_2,200,OK,HW_1_50 1-1,text,true,,482,247,6,6,http://5.75.203.123:5005/user_info_2,127,0,63
1674470464111,128,user_info_2,200,OK,HW_1_50 1-2,text,true,,482,247,6,6,http://5.75.203.123:5005/user_info_2,128,0,61
1674470464124,122,user_info_2,200,OK,HW_1_50 1-3,text,true,,482,247,6,6,http://5.75.203.123:5005/user_info_2,122,0,59
1674470464145,124,get_method,200,OK,HW_1_50 1-5,text,true,,187,148,6,6,http://5.75.203.123:5005/get_method?name=Slava&age=30,123,0,62
1674470464191,121,user_info_2,200,OK,HW_1_50 1-4,text,true,,482,247,7,7,http://5.75.203.123:5005/user_info_2,121,0,60
1674470464227,127,get_method,200,OK,HW_1_50 1-6,text,true,,187,148,7,7,http://5.75.203.123:5005/get_method?name=Slava&age=30,127,0,61
1674470464237,124,user_info_3,200,OK,HW_1_50 1-1,text,true,,382,244,7,7,http://5.75.203.123:5005/user_info_3,123,0,62
1674470464240,123,user_info_3,200,OK,HW_1_50 1-2,text,true,,382,244,7,7,http://5.75.203.123:5005/user_info_3,123,0,60
1674470464247,122,user_info_3,200,OK,HW_1_50 1-3,text,true,,382,244,7,7,http://5.75.203.123:5005/user_info_3,122,0,59
1674470464269,124,user_info_2,200,OK,HW_1_50 1-5,text,true,,482,247,8,8,http://5.75.203.123:5005/user_info_2,123,0,61
1674470464306,124,get_method,200,OK,HW_1_50 1-7,text,true,,187,148,8,8,http://5.75.203.123:5005/get_method?name=Slava&age=30,124,0,62
1674470464313,120,user_info_3,200,OK,HW_1_50 1-4,text,true,,382,244,8,8,http://5.75.203.123:5005/user_info_3,120,0,58
1674470464355,122,user_info_2,200,OK,HW_1_50 1-6,text,true,,482,247,9,9,http://5.75.203.123:5005/user_info_2,122,0,58
1674470464361,125,object_info_1,200,OK,HW_1_50 1-1,text,true,,251,167,9,9,http://5.75.203.123:5005/object_info_1?name=Sviatoslav&age=32&weight=105,125,0,59
1674470464369,122,object_info_1,200,OK,HW_1_50 1-3,text,true,,251,167,9,9,http://5.75.203.123:5005/object_info_1?name=Sviatoslav&age=32&weight=105,122,0,60
1674470464364,123,object_info_1,200,OK,HW_1_50 1-2,text,true,,251,167,9,9,http://5.75.203.123:5005/object_info_1?name=Sviatoslav&age=32&weight=105,123,0,59
1674470464392,144,get_method,200,OK,HW_1_50 1-8,text,true,,187,148,10,10,http://5.75.203.123:5005/get_method?name=Slava&age=30,144,0,82
1674470464394,146,user_info_3,200,OK,HW_1_50 1-5,text,true,,382,244,10,10,http://5.75.203.123:5005/user_info_3,146,0,81
1674470464431,121,user_info_2,200,OK,HW_1_50 1-7,text,true,,482,247,10,10,http://5.75.203.123:5005/user_info_2,121,0,60
1674470464434,121,object_info_1,200,OK,HW_1_50 1-4,text,true,,251,167,10,10,http://5.75.203.123:5005/object_info_1?name=Sviatoslav&age=32&weight=105,120,0,59
1674470464470,122,get_method,200,OK,HW_1_50 1-9,text,true,,187,148,10,10,http://5.75.203.123:5005/get_method?name=Slava&age=30,122,0,60
1674470464477,125,user_info_3,200,OK,HW_1_50 1-6,text,true,,382,244,10,10,http://5.75.203.123:5005/user_info_3,125,0,64
1674470464487,122,object_info_2,200,OK,HW_1_50 1-1,text,true,,490,163,10,10,http://5.75.203.123:5005/object_info_2?name=Artur&age=53&salary=5500,121,0,59
1674470464492,119,object_info_2,200,OK,HW_1_50 1-3,text,true,,490,163,10,10,http://5.75.203.123:5005/object_info_2?name=Artur&age=53&salary=5500,119,0,58
1674470464494,123,object_info_2,200,OK,HW_1_50 1-2,text,true,,490,163,11,11,http://5.75.203.123:5005/object_info_2?name=Artur&age=53&salary=5500,122,0,61
1674470464537,120,user_info_2,200,OK,HW_1_50 1-8,text,true,,482,247,11,11,http://5.75.203.123:5005/user_info_2,120,0,58
1674470464543,122,get_method,200,OK,HW_1_50 1-10,text,true,,187,148,11,11,http://5.75.203.123:5005/get_method?name=Slava&age=30,122,0,60
1674470464541,125,object_info_1,200,OK,HW_1_50 1-5,text,true,,251,167,11,11,http://5.75.203.123:5005/object_info_1?name=Sviatoslav&age=32&weight=105,125,0,59
1674470464553,124,user_info_3,200,OK,HW_1_50 1-7,text,true,,382,244,11,11,http://5.75.203.123:5005/user_info_3,124,0,60
1674470464555,122,object_info_2,200,OK,HW_1_50 1-4,text,true,,490,163,11,11,http://5.75.203.123:5005/object_info_2?name=Artur&age=53&salary=5500,122,0,59
1674470464593,121,user_info_2,200,OK,HW_1_50 1-9,text,true,,482,247,12,12,http://5.75.203.123:5005/user_info_2,121,0,59
1674470464603,123,object_info_1,200,OK,HW_1_50 1-6,text,true,,251,167,12,12,http://5.75.203.123:5005/object_info_1?name=Sviatoslav&age=32&weight=105,123,0,62
1674470464609,122,object_info_3,200,OK,HW_1_50 1-1,text,true,,532,162,12,12,http://5.75.203.123:5005/object_info_3?name=Ivan&age=25&salary=2000,122,0,59
1674470464612,124,object_info_3,200,OK,HW_1_50 1-3,text,true,,532,162,12,12,http://5.75.203.123:5005/object_info_3?name=Ivan&age=25&salary=2000,124,0,61
1674470464616,126,get_method,200,OK,HW_1_50 1-11,text,true,,187,148,12,12,http://5.75.203.123:5005/get_method?name=Slava&age=30,125,0,59
1674470464617,125,object_info_3,200,OK,HW_1_50 1-2,text,true,,532,162,12,12,http://5.75.203.123:5005/object_info_3?name=Ivan&age=25&salary=2000,125,0,60
1674470464657,123,user_info_3,200,OK,HW_1_50 1-8,text,true,,382,244,13,13,http://5.75.203.123:5005/user_info_3,122,0,60
1674470464666,121,object_info_2,200,OK,HW_1_50 1-5,text,true,,490,163,13,13,http://5.75.203.123:5005/object_info_2?name=Artur&age=53&salary=5500,121,0,59
1674470464666,128,user_info_2,200,OK,HW_1_50 1-10,text,true,,482,247,13,13,http://5.75.203.123:5005/user_info_2,127,0,60
1674470464677,123,object_info_3,200,OK,HW_1_50 1-4,text,true,,532,162,13,13,http://5.75.203.123:5005/object_info_3?name=Ivan&age=25&salary=2000,122,0,60
1674470464677,125,object_info_1,200,OK,HW_1_50 1-7,text,true,,251,167,13,13,http://5.75.203.123:5005/object_info_1?name=Sviatoslav&age=32&weight=105,125,0,61
1674470464698,121,get_method,200,OK,HW_1_50 1-12,text,true,,187,148,13,13,http://5.75.203.123:5005/get_method?name=Slava&age=30,121,0,59
1674470464715,124,user_info_3,200,OK,HW_1_50 1-9,text,true,,382,244,13,13,http://5.75.203.123:5005/user_info_3,124,0,61
1674470464727,123,object_info_2,200,OK,HW_1_50 1-6,text,true,,490,163,13,13,http://5.75.203.123:5005/object_info_2?name=Artur&age=53&salary=5500,123,0,60
1674470464732,125,object_info_4,200,OK,HW_1_50 1-1,text,true,,255,165,13,13,http://5.75.203.123:5005/object_info_4?name=Dominic&age=27&salary=3500,125,0,63
1674470464737,124,object_info_4,200,OK,HW_1_50 1-3,text,true,,255,165,12,12,http://5.75.203.123:5005/object_info_4?name=Dominic&age=27&salary=3500,123,0,60
1674470464742,123,user_info_2,200,OK,HW_1_50 1-11,text,true,,482,247,11,11,http://5.75.203.123:5005/user_info_2,123,0,61
1674470464742,125,object_info_4,200,OK,HW_1_50 1-2,text,true,,255,165,11,11,http://5.75.203.123:5005/object_info_4?name=Dominic&age=27&salary=3500,125,0,61
1674470464779,121,get_method,200,OK,HW_1_50 1-13,text,true,,187,148,10,10,http://5.75.203.123:5005/get_method?name=Slava&age=30,121,0,60
1674470464780,122,object_info_1,200,OK,HW_1_50 1-8,text,true,,251,167,11,11,http://5.75.203.123:5005/object_info_1?name=Sviatoslav&age=32&weight=105,122,0,60
1674470464788,127,object_info_3,200,OK,HW_1_50 1-5,text,true,,532,162,11,11,http://5.75.203.123:5005/object_info_3?name=Ivan&age=25&salary=2000,127,0,63
1674470464794,122,user_info_3,200,OK,HW_1_50 1-10,text,true,,382,244,11,11,http://5.75.203.123:5005/user_info_3,122,0,60
1674470464800,124,object_info_4,200,OK,HW_1_50 1-4,text,true,,255,165,11,11,http://5.75.203.123:5005/object_info_4?name=Dominic&age=27&salary=3500,124,0,62
1674470464802,123,object_info_2,200,OK,HW_1_50 1-7,text,true,,490,163,10,10,http://5.75.203.123:5005/object_info_2?name=Artur&age=53&salary=5500,123,0,60
1674470464819,123,user_info_2,200,OK,HW_1_50 1-12,text,true,,482,247,10,10,http://5.75.203.123:5005/user_info_2,123,0,59
1674470464840,121,object_info_1,200,OK,HW_1_50 1-9,text,true,,251,167,10,10,http://5.75.203.123:5005/object_info_1?name=Sviatoslav&age=32&weight=105,121,0,58
1674470464850,132,object_info_3,200,OK,HW_1_50 1-6,text,true,,532,162,10,10,http://5.75.203.123:5005/object_info_3?name=Ivan&age=25&salary=2000,131,0,59
1674470464866,123,user_info_3,200,OK,HW_1_50 1-11,text,true,,382,244,11,11,http://5.75.203.123:5005/user_info_3,122,0,60
1674470464900,122,user_info_2,200,OK,HW_1_50 1-13,text,true,,482,247,11,11,http://5.75.203.123:5005/user_info_2,122,0,59
1674470464903,123,object_info_2,200,OK,HW_1_50 1-8,text,true,,490,163,11,11,http://5.75.203.123:5005/object_info_2?name=Artur&age=53&salary=5500,123,0,58
1674470464905,123,get_method,200,OK,HW_1_50 1-14,text,true,,187,148,11,11,http://5.75.203.123:5005/get_method?name=Slava&age=30,123,0,58
1674470464915,130,object_info_4,200,OK,HW_1_50 1-5,text,true,,255,165,11,11,http://5.75.203.123:5005/object_info_4?name=Dominic&age=27&salary=3500,130,0,67
1674470464916,132,object_info_1,200,OK,HW_1_50 1-10,text,true,,251,167,10,10,http://5.75.203.123:5005/object_info_1?name=Sviatoslav&age=32&weight=105,131,0,66
1674470464926,125,object_info_3,200,OK,HW_1_50 1-7,text,true,,532,162,10,10,http://5.75.203.123:5005/object_info_3?name=Ivan&age=25&salary=2000,125,0,60
1674470464942,123,user_info_3,200,OK,HW_1_50 1-12,text,true,,382,244,11,11,http://5.75.203.123:5005/user_info_3,123,0,59
1674470464961,125,object_info_2,200,OK,HW_1_50 1-9,text,true,,490,163,11,11,http://5.75.203.123:5005/object_info_2?name=Artur&age=53&salary=5500,125,0,63
1674470464982,121,object_info_4,200,OK,HW_1_50 1-6,text,true,,255,165,11,11,http://5.75.203.123:5005/object_info_4?name=Dominic&age=27&salary=3500,121,0,59
1674470464989,121,object_info_1,200,OK,HW_1_50 1-11,text,true,,251,167,10,10,http://5.75.203.123:5005/object_info_1?name=Sviatoslav&age=32&weight=105,121,0,60
1674470464984,128,get_method,200,OK,HW_1_50 1-15,text,true,,187,148,10,10,http://5.75.203.123:5005/get_method?name=Slava&age=30,128,0,65
1674470465023,123,user_info_3,200,OK,HW_1_50 1-13,text,true,,382,244,11,11,http://5.75.203.123:5005/user_info_3,122,0,60
1674470465027,121,object_info_3,200,OK,HW_1_50 1-8,text,true,,532,162,11,11,http://5.75.203.123:5005/object_info_3?name=Ivan&age=25&salary=2000,121,0,60
1674470465029,121,user_info_2,200,OK,HW_1_50 1-14,text,true,,482,247,11,11,http://5.75.203.123:5005/user_info_2,121,0,58
1674470465048,122,object_info_2,200,OK,HW_1_50 1-10,text,true,,490,163,11,11,http://5.75.203.123:5005/object_info_2?name=Artur&age=53&salary=5500,121,0,60
1674470465051,123,object_info_4,200,OK,HW_1_50 1-7,text,true,,255,165,11,11,http://5.75.203.123:5005/object_info_4?name=Dominic&age=27&salary=3500,123,0,61
1674470465054,124,get_method,200,OK,HW_1_50 1-16,text,true,,187,148,10,10,http://5.75.203.123:5005/get_method?name=Slava&age=30,123,0,60
1674470465066,120,object_info_1,200,OK,HW_1_50 1-12,text,true,,251,167,10,10,http://5.75.203.123:5005/object_info_1?name=Sviatoslav&age=32&weight=105,120,0,58
1674470465087,122,object_info_3,200,OK,HW_1_50 1-9,text,true,,532,162,10,10,http://5.75.203.123:5005/object_info_3?name=Ivan&age=25&salary=2000,122,0,59
1674470465111,120,object_info_2,200,OK,HW_1_50 1-11,text,true,,490,163,11,11,http://5.75.203.123:5005/object_info_2?name=Artur&age=53&salary=5500,120,0,59
1674470465113,122,user_info_2,200,OK,HW_1_50 1-15,text,true,,482,247,11,11,http://5.75.203.123:5005/user_info_2,122,0,60
1674470465122,122,get_method,200,OK,HW_1_50 1-17,text,true,,187,148,11,11,http://5.75.203.123:5005/get_method?name=Slava&age=30,122,0,60
1674470465146,125,object_info_1,200,OK,HW_1_50 1-13,text,true,,251,167,11,11,http://5.75.203.123:5005/object_info_1?name=Sviatoslav&age=32&weight=105,125,0,60
1674470465151,125,user_info_3,200,OK,HW_1_50 1-14,text,true,,382,244,11,11,http://5.75.203.123:5005/user_info_3,125,0,59
1674470465149,128,object_info_4,200,OK,HW_1_50 1-8,text,true,,255,165,11,11,http://5.75.203.123:5005/object_info_4?name=Dominic&age=27&salary=3500,128,0,59
1674470465170,121,object_info_3,200,OK,HW_1_50 1-10,text,true,,532,162,10,10,http://5.75.203.123:5005/object_info_3?name=Ivan&age=25&salary=2000,121,0,60
1674470465178,121,user_info_2,200,OK,HW_1_50 1-16,text,true,,482,247,10,10,http://5.75.203.123:5005/user_info_2,121,0,58
1674470465187,119,object_info_2,200,OK,HW_1_50 1-12,text,true,,490,163,10,10,http://5.75.203.123:5005/object_info_2?name=Artur&age=53&salary=5500,119,0,58
1674470465209,126,object_info_4,200,OK,HW_1_50 1-9,text,true,,255,165,11,11,http://5.75.203.123:5005/object_info_4?name=Dominic&age=27&salary=3500,126,0,61
1674470465225,122,get_method,200,OK,HW_1_50 1-18,text,true,,187,148,10,10,http://5.75.203.123:5005/get_method?name=Slava&age=30,121,0,59
1674470465232,122,object_info_3,200,OK,HW_1_50 1-11,text,true,,532,162,10,10,http://5.75.203.123:5005/object_info_3?name=Ivan&age=25&salary=2000,122,0,60
1674470465235,125,user_info_3,200,OK,HW_1_50 1-15,text,true,,382,244,10,10,http://5.75.203.123:5005/user_info_3,125,0,59
1674470465244,126,user_info_2,200,OK,HW_1_50 1-17,text,true,,482,247,10,10,http://5.75.203.123:5005/user_info_2,126,0,61
1674470465271,130,object_info_2,200,OK,HW_1_50 1-13,text,true,,490,163,11,11,http://5.75.203.123:5005/object_info_2?name=Artur&age=53&salary=5500,130,0,63
1674470465277,125,object_info_1,200,OK,HW_1_50 1-14,text,true,,251,167,11,11,http://5.75.203.123:5005/object_info_1?name=Sviatoslav&age=32&weight=105,125,0,60
1674470465291,122,object_info_4,200,OK,HW_1_50 1-10,text,true,,255,165,11,11,http://5.75.203.123:5005/object_info_4?name=Dominic&age=27&salary=3500,122,0,59
1674470465299,123,user_info_3,200,OK,HW_1_50 1-16,text,true,,382,244,10,10,http://5.75.203.123:5005/user_info_3,122,0,61
1674470465306,122,object_info_3,200,OK,HW_1_50 1-12,text,true,,532,162,10,10,http://5.75.203.123:5005/object_info_3?name=Ivan&age=25&salary=2000,122,0,60
1674470465308,125,get_method,200,OK,HW_1_50 1-19,text,true,,187,148,10,10,http://5.75.203.123:5005/get_method?name=Slava&age=30,125,0,61
1674470465347,123,user_info_2,200,OK,HW_1_50 1-18,text,true,,482,247,10,10,http://5.75.203.123:5005/user_info_2,123,0,60
1674470465354,127,object_info_4,200,OK,HW_1_50 1-11,text,true,,255,165,11,11,http://5.75.203.123:5005/object_info_4?name=Dominic&age=27&salary=3500,127,0,64
1674470465361,122,object_info_1,200,OK,HW_1_50 1-15,text,true,,251,167,10,10,http://5.75.203.123:5005/object_info_1?name=Sviatoslav&age=32&weight=105,122,0,58
1674470465370,120,user_info_3,200,OK,HW_1_50 1-17,text,true,,382,244,10,10,http://5.75.203.123:5005/user_info_3,119,0,59
1674470465401,131,get_method,200,OK,HW_1_50 1-20,text,true,,187,148,10,10,http://5.75.203.123:5005/get_method?name=Slava&age=30,131,0,67
1674470465402,131,object_info_3,200,OK,HW_1_50 1-13,text,true,,532,162,10,10,http://5.75.203.123:5005/object_info_3?name=Ivan&age=25&salary=2000,131,0,62
1674470465404,134,object_info_2,200,OK,HW_1_50 1-14,text,true,,490,163,10,10,http://5.75.203.123:5005/object_info_2?name=Artur&age=53&salary=5500,133,0,63
1674470465422,121,object_info_1,200,OK,HW_1_50 1-16,text,true,,251,167,10,10,http://5.75.203.123:5005/object_info_1?name=Sviatoslav&age=32&weight=105,121,0,60
1674470465428,123,object_info_4,200,OK,HW_1_50 1-12,text,true,,255,165,10,10,http://5.75.203.123:5005/object_info_4?name=Dominic&age=27&salary=3500,122,0,59
1674470465433,127,user_info_2,200,OK,HW_1_50 1-19,text,true,,482,247,10,10,http://5.75.203.123:5005/user_info_2,127,0,60
1674470465470,128,user_info_3,200,OK,HW_1_50 1-18,text,true,,382,244,10,10,http://5.75.203.123:5005/user_info_3,128,0,65
1674470465479,123,get_method,200,OK,HW_1_50 1-21,text,true,,187,148,10,10,http://5.75.203.123:5005/get_method?name=Slava&age=30,123,0,60
1674470465484,123,object_info_2,200,OK,HW_1_50 1-15,text,true,,490,163,10,10,http://5.75.203.123:5005/object_info_2?name=Artur&age=53&salary=5500,123,0,60
1674470465491,127,object_info_1,200,OK,HW_1_50 1-17,text,true,,251,167,10,10,http://5.75.203.123:5005/object_info_1?name=Sviatoslav&age=32&weight=105,127,0,65
1674470465532,126,user_info_2,200,OK,HW_1_50 1-20,text,true,,482,247,11,11,http://5.75.203.123:5005/user_info_2,126,0,60
1674470465538,124,object_info_3,200,OK,HW_1_50 1-14,text,true,,532,162,11,11,http://5.75.203.123:5005/object_info_3?name=Ivan&age=25&salary=2000,124,0,60
1674470465534,129,object_info_4,200,OK,HW_1_50 1-13,text,true,,255,165,11,11,http://5.75.203.123:5005/object_info_4?name=Dominic&age=27&salary=3500,129,0,60
1674470465544,126,object_info_2,200,OK,HW_1_50 1-16,text,true,,490,163,10,10,http://5.75.203.123:5005/object_info_2?name=Artur&age=53&salary=5500,126,0,62
1674470465558,126,get_method,200,OK,HW_1_50 1-22,text,true,,187,148,10,10,http://5.75.203.123:5005/get_method?name=Slava&age=30,126,0,60
1674470465561,125,user_info_3,200,OK,HW_1_50 1-19,text,true,,382,244,10,10,http://5.75.203.123:5005/user_info_3,125,0,60
1674470465598,120,object_info_1,200,OK,HW_1_50 1-18,text,true,,251,167,11,11,http://5.75.203.123:5005/object_info_1?name=Sviatoslav&age=32&weight=105,120,0,58
1674470465602,125,user_info_2,200,OK,HW_1_50 1-21,text,true,,482,247,11,11,http://5.75.203.123:5005/user_info_2,125,0,63
1674470465607,127,object_info_3,200,OK,HW_1_50 1-15,text,true,,532,162,11,11,http://5.75.203.123:5005/object_info_3?name=Ivan&age=25&salary=2000,126,0,64
1674470465619,122,object_info_2,200,OK,HW_1_50 1-17,text,true,,490,163,11,11,http://5.75.203.123:5005/object_info_2?name=Artur&age=53&salary=5500,122,0,59
1674470465633,145,get_method,200,OK,HW_1_50 1-23,text,true,,187,148,11,11,http://5.75.203.123:5005/get_method?name=Slava&age=30,144,0,81
1674470465659,122,user_info_3,200,OK,HW_1_50 1-20,text,true,,382,244,11,11,http://5.75.203.123:5005/user_info_3,122,0,60
1674470465663,128,object_info_4,200,OK,HW_1_50 1-14,text,true,,255,165,12,12,http://5.75.203.123:5005/object_info_4?name=Dominic&age=27&salary=3500,126,0,62
1674470465671,125,object_info_3,200,OK,HW_1_50 1-16,text,true,,532,162,11,11,http://5.75.203.123:5005/object_info_3?name=Ivan&age=25&salary=2000,125,0,59
1674470465686,121,object_info_1,200,OK,HW_1_50 1-19,text,true,,251,167,11,11,http://5.75.203.123:5005/object_info_1?name=Sviatoslav&age=32&weight=105,121,0,59
1674470465685,126,user_info_2,200,OK,HW_1_50 1-22,text,true,,482,247,11,11,http://5.75.203.123:5005/user_info_2,125,0,61
1674470465710,127,get_method,200,OK,HW_1_50 1-24,text,true,,187,148,11,11,http://5.75.203.123:5005/get_method?name=Slava&age=30,127,0,64
1674470465719,122,object_info_2,200,OK,HW_1_50 1-18,text,true,,490,163,11,11,http://5.75.203.123:5005/object_info_2?name=Artur&age=53&salary=5500,122,0,60
1674470465728,124,user_info_3,200,OK,HW_1_50 1-21,text,true,,382,244,11,11,http://5.75.203.123:5005/user_info_3,123,0,63
1674470465734,122,object_info_4,200,OK,HW_1_50 1-15,text,true,,255,165,11,11,http://5.75.203.123:5005/object_info_4?name=Dominic&age=27&salary=3500,121,0,62
1674470465742,123,object_info_3,200,OK,HW_1_50 1-17,text,true,,532,162,10,10,http://5.75.203.123:5005/object_info_3?name=Ivan&age=25&salary=2000,123,0,58
1674470465778,124,user_info_2,200,OK,HW_1_50 1-23,text,true,,482,247,11,11,http://5.75.203.123:5005/user_info_2,124,0,60
1674470465782,121,object_info_1,200,OK,HW_1_50 1-20,text,true,,251,167,11,11,http://5.75.203.123:5005/object_info_1?name=Sviatoslav&age=32&weight=105,121,0,59
1674470465788,132,get_method,200,OK,HW_1_50 1-25,text,true,,187,148,11,11,http://5.75.203.123:5005/get_method?name=Slava&age=30,132,0,68
1674470465797,124,object_info_4,200,OK,HW_1_50 1-16,text,true,,255,165,11,11,http://5.75.203.123:5005/object_info_4?name=Dominic&age=27&salary=3500,124,0,60
1674470465811,122,user_info_3,200,OK,HW_1_50 1-22,text,true,,382,244,10,10,http://5.75.203.123:5005/user_info_3,122,0,58
1674470465807,127,object_info_2,200,OK,HW_1_50 1-19,text,true,,490,163,10,10,http://5.75.203.123:5005/object_info_2?name=Artur&age=53&salary=5500,127,0,62
1674470465838,121,user_info_2,200,OK,HW_1_50 1-24,text,true,,482,247,11,11,http://5.75.203.123:5005/user_info_2,121,0,59
1674470465842,124,object_info_3,200,OK,HW_1_50 1-18,text,true,,532,162,11,11,http://5.75.203.123:5005/object_info_3?name=Ivan&age=25&salary=2000,124,0,60
1674470465852,124,object_info_1,200,OK,HW_1_50 1-21,text,true,,251,167,11,11,http://5.75.203.123:5005/object_info_1?name=Sviatoslav&age=32&weight=105,124,0,61
1674470465865,121,object_info_4,200,OK,HW_1_50 1-17,text,true,,255,165,11,11,http://5.75.203.123:5005/object_info_4?name=Dominic&age=27&salary=3500,121,0,58
1674470465868,124,get_method,200,OK,HW_1_50 1-26,text,true,,187,148,10,10,http://5.75.203.123:5005/get_method?name=Slava&age=30,124,0,60
1674470465903,124,user_info_3,200,OK,HW_1_50 1-23,text,true,,382,244,10,10,http://5.75.203.123:5005/user_info_3,124,0,60
1674470465903,128,object_info_2,200,OK,HW_1_50 1-20,text,true,,490,163,10,10,http://5.75.203.123:5005/object_info_2?name=Artur&age=53&salary=5500,128,0,60
1674470465921,124,user_info_2,200,OK,HW_1_50 1-25,text,true,,482,247,11,11,http://5.75.203.123:5005/user_info_2,123,0,61
1674470465934,123,object_info_1,200,OK,HW_1_50 1-22,text,true,,251,167,11,11,http://5.75.203.123:5005/object_info_1?name=Sviatoslav&age=32&weight=105,123,0,61
1674470465935,124,object_info_3,200,OK,HW_1_50 1-19,text,true,,532,162,11,11,http://5.75.203.123:5005/object_info_3?name=Ivan&age=25&salary=2000,124,0,62
1674470465948,121,get_method,200,OK,HW_1_50 1-27,text,true,,187,148,11,11,http://5.75.203.123:5005/get_method?name=Slava&age=30,121,0,61
1674470465960,130,user_info_3,200,OK,HW_1_50 1-24,text,true,,382,244,11,11,http://5.75.203.123:5005/user_info_3,130,0,63
1674470465966,127,object_info_4,200,OK,HW_1_50 1-18,text,true,,255,165,11,11,http://5.75.203.123:5005/object_info_4?name=Dominic&age=27&salary=3500,127,0,65
1674470465976,121,object_info_2,200,OK,HW_1_50 1-21,text,true,,490,163,10,10,http://5.75.203.123:5005/object_info_2?name=Artur&age=53&salary=5500,121,0,60
1674470465993,121,user_info_2,200,OK,HW_1_50 1-26,text,true,,482,247,11,11,http://5.75.203.123:5005/user_info_2,121,0,58
1674470466028,126,object_info_1,200,OK,HW_1_50 1-23,text,true,,251,167,11,11,http://5.75.203.123:5005/object_info_1?name=Sviatoslav&age=32&weight=105,126,0,62
1674470466031,124,object_info_3,200,OK,HW_1_50 1-20,text,true,,532,162,11,11,http://5.75.203.123:5005/object_info_3?name=Ivan&age=25&salary=2000,124,0,60
1674470466037,125,get_method,200,OK,HW_1_50 1-28,text,true,,187,148,11,11,http://5.75.203.123:5005/get_method?name=Slava&age=30,124,0,63
1674470466045,120,user_info_3,200,OK,HW_1_50 1-25,text,true,,382,244,11,11,http://5.75.203.123:5005/user_info_3,120,0,59
1674470466057,126,object_info_2,200,OK,HW_1_50 1-22,text,true,,490,163,12,12,http://5.75.203.123:5005/object_info_2?name=Artur&age=53&salary=5500,126,0,61
1674470466070,120,user_info_2,200,OK,HW_1_50 1-27,text,true,,482,247,12,12,http://5.75.203.123:5005/user_info_2,120,0,58
1674470466059,132,object_info_4,200,OK,HW_1_50 1-19,text,true,,255,165,12,12,http://5.75.203.123:5005/object_info_4?name=Dominic&age=27&salary=3500,131,0,60
1674470466090,121,object_info_1,200,OK,HW_1_50 1-24,text,true,,251,167,11,11,http://5.75.203.123:5005/object_info_1?name=Sviatoslav&age=32&weight=105,121,0,60
1674470466097,123,object_info_3,200,OK,HW_1_50 1-21,text,true,,532,162,11,11,http://5.75.203.123:5005/object_info_3?name=Ivan&age=25&salary=2000,123,0,60
1674470466105,122,get_method,200,OK,HW_1_50 1-29,text,true,,187,148,11,11,http://5.75.203.123:5005/get_method?name=Slava&age=30,122,0,58
1674470466114,126,user_info_3,200,OK,HW_1_50 1-26,text,true,,382,244,11,11,http://5.75.203.123:5005/user_info_3,126,0,63
1674470466155,126,object_info_4,200,OK,HW_1_50 1-20,text,true,,255,165,12,12,http://5.75.203.123:5005/object_info_4?name=Dominic&age=27&salary=3500,126,0,61
1674470466155,127,object_info_2,200,OK,HW_1_50 1-23,text,true,,490,163,11,11,http://5.75.203.123:5005/object_info_2?name=Artur&age=53&salary=5500,127,0,61
1674470466162,121,user_info_2,200,OK,HW_1_50 1-28,text,true,,482,247,11,11,http://5.75.203.123:5005/user_info_2,121,0,60
1674470466166,122,object_info_1,200,OK,HW_1_50 1-25,text,true,,251,167,11,11,http://5.75.203.123:5005/object_info_1?name=Sviatoslav&age=32&weight=105,122,0,61
1674470466179,129,get_method,200,OK,HW_1_50 1-30,text,true,,187,148,11,11,http://5.75.203.123:5005/get_method?name=Slava&age=30,129,0,61
1674470466184,125,object_info_3,200,OK,HW_1_50 1-22,text,true,,532,162,11,11,http://5.75.203.123:5005/object_info_3?name=Ivan&age=25&salary=2000,124,0,61
1674470466191,120,user_info_3,200,OK,HW_1_50 1-27,text,true,,382,244,11,11,http://5.75.203.123:5005/user_info_3,120,0,59
1674470466212,122,object_info_2,200,OK,HW_1_50 1-24,text,true,,490,163,11,11,http://5.75.203.123:5005/object_info_2?name=Artur&age=53&salary=5500,122,0,58
1674470466220,122,object_info_4,200,OK,HW_1_50 1-21,text,true,,255,165,12,12,http://5.75.203.123:5005/object_info_4?name=Dominic&age=27&salary=3500,122,0,59
1674470466228,120,user_info_2,200,OK,HW_1_50 1-29,text,true,,482,247,11,11,http://5.75.203.123:5005/user_info_2,120,0,58
1674470466241,126,object_info_1,200,OK,HW_1_50 1-26,text,true,,251,167,11,11,http://5.75.203.123:5005/object_info_1?name=Sviatoslav&age=32&weight=105,126,0,64
1674470466258,124,get_method,200,OK,HW_1_50 1-31,text,true,,187,148,11,11,http://5.75.203.123:5005/get_method?name=Slava&age=30,124,0,59
1674470466282,121,object_info_3,200,OK,HW_1_50 1-23,text,true,,532,162,11,11,http://5.75.203.123:5005/object_info_3?name=Ivan&age=25&salary=2000,121,0,60
1674470466284,126,user_info_3,200,OK,HW_1_50 1-28,text,true,,382,244,11,11,http://5.75.203.123:5005/user_info_3,126,0,60
1674470466289,122,object_info_2,200,OK,HW_1_50 1-25,text,true,,490,163,11,11,http://5.75.203.123:5005/object_info_2?name=Artur&age=53&salary=5500,122,0,59
1674470466308,130,user_info_2,200,OK,HW_1_50 1-30,text,true,,482,247,12,12,http://5.75.203.123:5005/user_info_2,130,0,61
1674470466312,128,object_info_1,200,OK,HW_1_50 1-27,text,true,,251,167,12,12,http://5.75.203.123:5005/object_info_1?name=Sviatoslav&age=32&weight=105,128,0,62
1674470466309,132,object_info_4,200,OK,HW_1_50 1-22,text,true,,255,165,12,12,http://5.75.203.123:5005/object_info_4?name=Dominic&age=27&salary=3500,132,0,60
1674470466334,125,object_info_3,200,OK,HW_1_50 1-24,text,true,,532,162,11,11,http://5.75.203.123:5005/object_info_3?name=Ivan&age=25&salary=2000,125,0,61
1674470466338,125,get_method,200,OK,HW_1_50 1-32,text,true,,187,148,11,11,http://5.75.203.123:5005/get_method?name=Slava&age=30,124,0,60
1674470466348,120,user_info_3,200,OK,HW_1_50 1-29,text,true,,382,244,11,11,http://5.75.203.123:5005/user_info_3,120,0,59
1674470466368,125,object_info_2,200,OK,HW_1_50 1-26,text,true,,490,163,11,11,http://5.75.203.123:5005/object_info_2?name=Artur&age=53&salary=5500,125,0,58
1674470466383,122,user_info_2,200,OK,HW_1_50 1-31,text,true,,482,247,12,12,http://5.75.203.123:5005/user_info_2,122,0,59
1674470466403,129,object_info_4,200,OK,HW_1_50 1-23,text,true,,255,165,12,12,http://5.75.203.123:5005/object_info_4?name=Dominic&age=27&salary=3500,127,0,59
1674470466411,128,object_info_1,200,OK,HW_1_50 1-28,text,true,,251,167,11,11,http://5.75.203.123:5005/object_info_1?name=Sviatoslav&age=32&weight=105,128,0,61
1674470466411,130,object_info_3,200,OK,HW_1_50 1-25,text,true,,532,162,11,11,http://5.75.203.123:5005/object_info_3?name=Ivan&age=25&salary=2000,130,0,61
1674470466419,124,get_method,200,OK,HW_1_50 1-33,text,true,,187,148,11,11,http://5.75.203.123:5005/get_method?name=Slava&age=30,123,0,59
1674470466438,123,user_info_3,200,OK,HW_1_50 1-30,text,true,,382,244,11,11,http://5.75.203.123:5005/user_info_3,123,0,59
1674470466441,123,object_info_2,200,OK,HW_1_50 1-27,text,true,,490,163,11,11,http://5.75.203.123:5005/object_info_2?name=Artur&age=53&salary=5500,123,0,60
1674470466460,192,object_info_4,200,OK,HW_1_50 1-24,text,true,,255,165,12,12,http://5.75.203.123:5005/object_info_4?name=Dominic&age=27&salary=3500,192,0,60
1674470466468,184,object_info_1,200,OK,HW_1_50 1-29,text,true,,251,167,12,12,http://5.75.203.123:5005/object_info_1?name=Sviatoslav&age=32&weight=105,184,0,63
1674470466463,189,user_info_2,200,OK,HW_1_50 1-32,text,true,,482,247,12,12,http://5.75.203.123:5005/user_info_2,189,0,59
1674470466493,160,object_info_3,200,OK,HW_1_50 1-26,text,true,,532,162,11,11,http://5.75.203.123:5005/object_info_3?name=Ivan&age=25&salary=2000,160,0,59
1674470466497,156,get_method,200,OK,HW_1_50 1-34,text,true,,187,148,11,11,http://5.75.203.123:5005/get_method?name=Slava&age=30,156,0,62
1674470466540,203,object_info_2,200,OK,HW_1_50 1-28,text,true,,490,163,13,13,http://5.75.203.123:5005/object_info_2?name=Artur&age=53&salary=5500,203,0,111
1674470466542,201,object_info_4,200,OK,HW_1_50 1-25,text,true,,255,165,13,13,http://5.75.203.123:5005/object_info_4?name=Dominic&age=27&salary=3500,201,0,109
1674470466529,215,user_info_3,200,OK,HW_1_50 1-31,text,true,,382,244,12,12,http://5.75.203.123:5005/user_info_3,215,0,122
1674470466561,187,object_info_1,200,OK,HW_1_50 1-30,text,true,,251,167,12,12,http://5.75.203.123:5005/object_info_1?name=Sviatoslav&age=32&weight=105,187,0,91
1674470466543,205,user_info_2,200,OK,HW_1_50 1-33,text,true,,482,247,12,12,http://5.75.203.123:5005/user_info_2,205,0,109
1674470466565,187,object_info_3,200,OK,HW_1_50 1-27,text,true,,532,162,12,12,http://5.75.203.123:5005/object_info_3?name=Ivan&age=25&salary=2000,186,0,87
1674470466572,197,get_method,200,OK,HW_1_50 1-35,text,true,,187,148,12,12,http://5.75.203.123:5005/get_method?name=Slava&age=30,197,0,135
1674470466653,133,object_info_4,200,OK,HW_1_50 1-26,text,true,,255,165,12,12,http://5.75.203.123:5005/object_info_4?name=Dominic&age=27&salary=3500,133,0,63
1674470466656,141,get_method,200,OK,HW_1_50 1-36,text,true,,187,148,11,11,http://5.75.203.123:5005/get_method?name=Slava&age=30,141,0,61
1674470466653,145,object_info_2,200,OK,HW_1_50 1-29,text,true,,490,163,11,11,http://5.75.203.123:5005/object_info_2?name=Artur&age=53&salary=5500,145,0,64
1674470466654,144,user_info_3,200,OK,HW_1_50 1-32,text,true,,382,244,11,11,http://5.75.203.123:5005/user_info_3,144,0,63
1674470466654,146,user_info_2,200,OK,HW_1_50 1-34,text,true,,482,247,11,11,http://5.75.203.123:5005/user_info_2,146,0,63
1674470466731,132,get_method,200,OK,HW_1_50 1-37,text,true,,187,148,12,12,http://5.75.203.123:5005/get_method?name=Slava&age=30,132,0,70
1674470466745,130,object_info_1,200,OK,HW_1_50 1-31,text,true,,251,167,12,12,http://5.75.203.123:5005/object_info_1?name=Sviatoslav&age=32&weight=105,130,0,65
1674470466748,128,object_info_2,200,OK,HW_1_50 1-30,text,true,,490,163,12,12,http://5.75.203.123:5005/object_info_2?name=Artur&age=53&salary=5500,128,0,64
1674470466744,132,object_info_3,200,OK,HW_1_50 1-28,text,true,,532,162,12,12,http://5.75.203.123:5005/object_info_3?name=Ivan&age=25&salary=2000,132,0,66
1674470466750,131,user_info_3,200,OK,HW_1_50 1-33,text,true,,382,244,12,12,http://5.75.203.123:5005/user_info_3,131,0,63
1674470466752,129,object_info_4,200,OK,HW_1_50 1-27,text,true,,255,165,12,12,http://5.75.203.123:5005/object_info_4?name=Dominic&age=27&salary=3500,129,0,63
1674470466770,120,user_info_2,200,OK,HW_1_50 1-35,text,true,,482,247,12,12,http://5.75.203.123:5005/user_info_2,120,0,58
1674470466799,134,object_info_1,200,OK,HW_1_50 1-32,text,true,,251,167,12,12,http://5.75.203.123:5005/object_info_1?name=Sviatoslav&age=32&weight=105,134,0,62
1674470466798,145,object_info_3,200,OK,HW_1_50 1-29,text,true,,532,162,12,12,http://5.75.203.123:5005/object_info_3?name=Ivan&age=25&salary=2000,145,0,62
1674470466797,146,user_info_2,200,OK,HW_1_50 1-36,text,true,,482,247,12,12,http://5.75.203.123:5005/user_info_2,146,0,63
1674470466800,145,user_info_3,200,OK,HW_1_50 1-34,text,true,,382,244,12,12,http://5.75.203.123:5005/user_info_3,144,0,60
1674470466808,137,get_method,200,OK,HW_1_50 1-38,text,true,,187,148,12,12,http://5.75.203.123:5005/get_method?name=Slava&age=30,137,0,59
1674470466890,129,user_info_3,200,OK,HW_1_50 1-35,text,true,,382,244,13,13,http://5.75.203.123:5005/user_info_3,129,0,61
1674470466884,135,get_method,200,OK,HW_1_50 1-39,text,true,,187,148,13,13,http://5.75.203.123:5005/get_method?name=Slava&age=30,135,0,62
1674470466881,138,object_info_1,200,OK,HW_1_50 1-33,text,true,,251,167,13,13,http://5.75.203.123:5005/object_info_1?name=Sviatoslav&age=32&weight=105,137,0,65
1674470466876,131,object_info_3,200,OK,HW_1_50 1-30,text,true,,532,162,13,13,http://5.75.203.123:5005/object_info_3?name=Ivan&age=25&salary=2000,131,0,70
1674470466863,140,user_info_2,200,OK,HW_1_50 1-37,text,true,,482,247,13,13,http://5.75.203.123:5005/user_info_2,140,0,70
1674470466875,143,object_info_2,200,OK,HW_1_50 1-31,text,true,,490,163,13,13,http://5.75.203.123:5005/object_info_2?name=Artur&age=53&salary=5500,143,0,71
1674470466877,141,object_info_4,200,OK,HW_1_50 1-28,text,true,,255,165,13,13,http://5.75.203.123:5005/object_info_4?name=Dominic&age=27&salary=3500,141,0,69
1674470466944,150,object_info_4,200,OK,HW_1_50 1-29,text,true,,255,165,13,13,http://5.75.203.123:5005/object_info_4?name=Dominic&age=27&salary=3500,150,0,58
1674470466934,161,object_info_2,200,OK,HW_1_50 1-32,text,true,,490,163,13,13,http://5.75.203.123:5005/object_info_2?name=Artur&age=53&salary=5500,161,0,64
1674470466945,152,user_info_2,200,OK,HW_1_50 1-38,text,true,,482,247,12,12,http://5.75.203.123:5005/user_info_2,152,0,63
1674470466944,153,user_info_3,200,OK,HW_1_50 1-36,text,true,,382,244,12,12,http://5.75.203.123:5005/user_info_3,153,0,59
1674470466945,153,object_info_1,200,OK,HW_1_50 1-34,text,true,,251,167,12,12,http://5.75.203.123:5005/object_info_1?name=Sviatoslav&age=32&weight=105,153,0,62
1674470466966,148,get_method,200,OK,HW_1_50 1-40,text,true,,187,148,12,12,http://5.75.203.123:5005/get_method?name=Slava&age=30,148,0,76
1674470467020,159,object_info_1,200,OK,HW_1_50 1-35,text,true,,251,167,13,13,http://5.75.203.123:5005/object_info_1?name=Sviatoslav&age=32&weight=105,159,0,76
1674470467045,135,get_method,200,OK,HW_1_50 1-41,text,true,,187,148,13,13,http://5.75.203.123:5005/get_method?name=Slava&age=30,135,0,68
1674470467022,159,object_info_4,200,OK,HW_1_50 1-30,text,true,,255,165,13,13,http://5.75.203.123:5005/object_info_4?name=Dominic&age=27&salary=3500,159,0,75
1674470467020,161,user_info_2,200,OK,HW_1_50 1-39,text,true,,482,247,13,13,http://5.75.203.123:5005/user_info_2,161,0,76
1674470467021,161,object_info_2,200,OK,HW_1_50 1-33,text,true,,490,163,12,12,http://5.75.203.123:5005/object_info_2?name=Artur&age=53&salary=5500,161,0,76
1674470467024,159,object_info_3,200,OK,HW_1_50 1-31,text,true,,532,162,12,12,http://5.75.203.123:5005/object_info_3?name=Ivan&age=25&salary=2000,159,0,73
1674470467023,161,user_info_3,200,OK,HW_1_50 1-37,text,true,,382,244,12,12,http://5.75.203.123:5005/user_info_3,161,0,74
1674470467098,137,object_info_2,200,OK,HW_1_50 1-34,text,true,,490,163,13,13,http://5.75.203.123:5005/object_info_2?name=Artur&age=53&salary=5500,137,0,70
1674470467095,140,object_info_3,200,OK,HW_1_50 1-32,text,true,,532,162,13,13,http://5.75.203.123:5005/object_info_3?name=Ivan&age=25&salary=2000,140,0,73
1674470467098,140,user_info_3,200,OK,HW_1_50 1-38,text,true,,382,244,13,13,http://5.75.203.123:5005/user_info_3,140,0,70
1674470467098,141,object_info_1,200,OK,HW_1_50 1-36,text,true,,251,167,13,13,http://5.75.203.123:5005/object_info_1?name=Sviatoslav&age=32&weight=105,141,0,70
1674470467114,154,user_info_2,200,OK,HW_1_50 1-40,text,true,,482,247,13,13,http://5.75.203.123:5005/user_info_2,154,0,65
1674470467123,147,get_method,200,OK,HW_1_50 1-42,text,true,,187,148,13,13,http://5.75.203.123:5005/get_method?name=Slava&age=30,147,0,66
1674470467179,152,object_info_2,200,OK,HW_1_50 1-35,text,true,,490,163,14,14,http://5.75.203.123:5005/object_info_2?name=Artur&age=53&salary=5500,152,0,82
1674470467182,149,user_info_3,200,OK,HW_1_50 1-39,text,true,,382,244,14,14,http://5.75.203.123:5005/user_info_3,149,0,78
1674470467183,175,object_info_3,200,OK,HW_1_50 1-33,text,true,,532,162,14,14,http://5.75.203.123:5005/object_info_3?name=Ivan&age=25&salary=2000,175,0,84
1674470467184,175,object_info_1,200,OK,HW_1_50 1-37,text,true,,251,167,14,14,http://5.75.203.123:5005/object_info_1?name=Sviatoslav&age=32&weight=105,175,0,83
1674470467183,176,object_info_4,200,OK,HW_1_50 1-31,text,true,,255,165,14,14,http://5.75.203.123:5005/object_info_4?name=Dominic&age=27&salary=3500,176,0,79
1674470467203,157,get_method,200,OK,HW_1_50 1-43,text,true,,187,148,13,13,http://5.75.203.123:5005/get_method?name=Slava&age=30,157,0,68
1674470467181,179,user_info_2,200,OK,HW_1_50 1-41,text,true,,482,247,13,13,http://5.75.203.123:5005/user_info_2,179,0,88
1674470467235,144,object_info_3,200,OK,HW_1_50 1-34,text,true,,532,162,14,14,http://5.75.203.123:5005/object_info_3?name=Ivan&age=25&salary=2000,144,0,65
1674470467235,144,object_info_4,200,OK,HW_1_50 1-32,text,true,,255,165,14,14,http://5.75.203.123:5005/object_info_4?name=Dominic&age=27&salary=3500,144,0,65
1674470467240,140,object_info_2,200,OK,HW_1_50 1-36,text,true,,490,163,13,13,http://5.75.203.123:5005/object_info_2?name=Artur&age=53&salary=5500,139,0,70
1674470467238,142,object_info_1,200,OK,HW_1_50 1-38,text,true,,251,167,13,13,http://5.75.203.123:5005/object_info_1?name=Sviatoslav&age=32&weight=105,142,0,70
1674470467268,154,user_info_3,200,OK,HW_1_50 1-40,text,true,,382,244,13,13,http://5.75.203.123:5005/user_info_3,154,0,89
1674470467281,156,get_method,200,OK,HW_1_50 1-44,text,true,,187,148,13,13,http://5.75.203.123:5005/get_method?name=Slava&age=30,156,0,76
1674470467270,167,user_info_2,200,OK,HW_1_50 1-42,text,true,,482,247,13,13,http://5.75.203.123:5005/user_info_2,167,0,87
1674470467331,159,object_info_3,200,OK,HW_1_50 1-35,text,true,,532,162,14,14,http://5.75.203.123:5005/object_info_3?name=Ivan&age=25&salary=2000,159,0,91
1674470467332,158,object_info_1,200,OK,HW_1_50 1-39,text,true,,251,167,14,14,http://5.75.203.123:5005/object_info_1?name=Sviatoslav&age=32&weight=105,158,0,90
1674470467366,148,get_method,200,OK,HW_1_50 1-45,text,true,,187,148,14,14,http://5.75.203.123:5005/get_method?name=Slava&age=30,148,0,71
1674470467358,155,object_info_4,200,OK,HW_1_50 1-33,text,true,,255,165,14,14,http://5.75.203.123:5005/object_info_4?name=Dominic&age=27&salary=3500,155,0,79
1674470467360,153,user_info_2,200,OK,HW_1_50 1-43,text,true,,482,247,14,14,http://5.75.203.123:5005/user_info_2,153,0,77
1674470467359,155,object_info_2,200,OK,HW_1_50 1-37,text,true,,490,163,14,14,http://5.75.203.123:5005/object_info_2?name=Artur&age=53&salary=5500,155,0,78
1674470467361,152,user_info_3,200,OK,HW_1_50 1-41,text,true,,382,244,14,14,http://5.75.203.123:5005/user_info_3,152,0,76
1674470467379,179,object_info_4,200,OK,HW_1_50 1-34,text,true,,255,165,14,14,http://5.75.203.123:5005/object_info_4?name=Dominic&age=27&salary=3500,179,0,103
1674470467380,179,object_info_3,200,OK,HW_1_50 1-36,text,true,,532,162,13,13,http://5.75.203.123:5005/object_info_3?name=Ivan&age=25&salary=2000,179,0,102
1674470467380,180,object_info_2,200,OK,HW_1_50 1-38,text,true,,490,163,13,13,http://5.75.203.123:5005/object_info_2?name=Artur&age=53&salary=5500,180,0,102
1674470467423,137,object_info_1,200,OK,HW_1_50 1-40,text,true,,251,167,13,13,http://5.75.203.123:5005/object_info_1?name=Sviatoslav&age=32&weight=105,137,0,67
1674470467437,176,user_info_2,200,OK,HW_1_50 1-44,text,true,,482,247,14,14,http://5.75.203.123:5005/user_info_2,176,0,76
1674470467440,173,get_method,200,OK,HW_1_50 1-46,text,true,,187,148,14,14,http://5.75.203.123:5005/get_method?name=Slava&age=30,173,0,73
1674470467437,176,user_info_3,200,OK,HW_1_50 1-42,text,true,,382,244,14,14,http://5.75.203.123:5005/user_info_3,176,0,76
1674470467490,177,object_info_2,200,OK,HW_1_50 1-39,text,true,,490,163,14,14,http://5.75.203.123:5005/object_info_2?name=Artur&age=53&salary=5500,177,0,74
1674470467518,167,user_info_2,200,OK,HW_1_50 1-45,text,true,,482,247,15,15,http://5.75.203.123:5005/user_info_2,166,0,85
1674470467490,196,object_info_4,200,OK,HW_1_50 1-35,text,true,,255,165,15,15,http://5.75.203.123:5005/object_info_4?name=Dominic&age=27&salary=3500,195,0,114
1674470467519,166,user_info_3,200,OK,HW_1_50 1-43,text,true,,382,244,15,15,http://5.75.203.123:5005/user_info_3,166,0,84
1674470467523,163,object_info_1,200,OK,HW_1_50 1-41,text,true,,251,167,15,15,http://5.75.203.123:5005/object_info_1?name=Sviatoslav&age=32&weight=105,163,0,80
1674470467522,168,object_info_3,200,OK,HW_1_50 1-37,text,true,,532,162,14,14,http://5.75.203.123:5005/object_info_3?name=Ivan&age=25&salary=2000,168,0,82
1674470467525,166,get_method,200,OK,HW_1_50 1-47,text,true,,187,148,14,14,http://5.75.203.123:5005/get_method?name=Slava&age=30,166,0,79
1674470467558,135,object_info_4,200,OK,HW_1_50 1-36,text,true,,255,165,14,14,http://5.75.203.123:5005/object_info_4?name=Dominic&age=27&salary=3500,135,0,65
1674470467559,169,object_info_3,200,OK,HW_1_50 1-38,text,true,,532,162,13,13,http://5.75.203.123:5005/object_info_3?name=Ivan&age=25&salary=2000,169,0,106
1674470467559,170,object_info_2,200,OK,HW_1_50 1-40,text,true,,490,163,13,13,http://5.75.203.123:5005/object_info_2?name=Artur&age=53&salary=5500,170,0,107
1674470467596,135,get_method,200,OK,HW_1_50 1-48,text,true,,187,148,13,13,http://5.75.203.123:5005/get_method?name=Slava&age=30,135,0,70
1674470467613,137,user_info_3,200,OK,HW_1_50 1-44,text,true,,382,244,13,13,http://5.75.203.123:5005/user_info_3,137,0,71
1674470467613,143,user_info_2,200,OK,HW_1_50 1-46,text,true,,482,247,14,14,http://5.75.203.123:5005/user_info_2,143,0,71
1674470467613,143,object_info_1,200,OK,HW_1_50 1-42,text,true,,251,167,14,14,http://5.75.203.123:5005/object_info_1?name=Sviatoslav&age=32&weight=105,143,0,71
1674470467666,124,object_info_3,200,OK,HW_1_50 1-39,text,true,,532,162,14,14,http://5.75.203.123:5005/object_info_3?name=Ivan&age=25&salary=2000,123,0,61
1674470467677,123,get_method,200,OK,HW_1_50 1-49,text,true,,187,148,14,14,http://5.75.203.123:5005/get_method?name=Slava&age=30,123,0,61
1674470467685,144,user_info_3,200,OK,HW_1_50 1-45,text,true,,382,244,14,14,http://5.75.203.123:5005/user_info_3,144,0,62
1674470467686,144,object_info_1,200,OK,HW_1_50 1-43,text,true,,251,167,14,14,http://5.75.203.123:5005/object_info_1?name=Sviatoslav&age=32&weight=105,144,0,61
1674470467687,149,object_info_2,200,OK,HW_1_50 1-41,text,true,,490,163,14,14,http://5.75.203.123:5005/object_info_2?name=Artur&age=53&salary=5500,149,0,61
1674470467690,152,object_info_4,200,OK,HW_1_50 1-37,text,true,,255,165,14,14,http://5.75.203.123:5005/object_info_4?name=Dominic&age=27&salary=3500,151,0,60
1674470467691,151,user_info_2,200,OK,HW_1_50 1-47,text,true,,482,247,13,13,http://5.75.203.123:5005/user_info_2,151,0,64
1674470467728,125,object_info_4,200,OK,HW_1_50 1-38,text,true,,255,165,13,13,http://5.75.203.123:5005/object_info_4?name=Dominic&age=27&salary=3500,125,0,59
1674470467730,124,object_info_3,200,OK,HW_1_50 1-40,text,true,,532,162,12,12,http://5.75.203.123:5005/object_info_3?name=Ivan&age=25&salary=2000,124,0,58
1674470467731,124,user_info_2,200,OK,HW_1_50 1-48,text,true,,482,247,12,12,http://5.75.203.123:5005/user_info_2,124,0,60
1674470467750,144,object_info_1,200,OK,HW_1_50 1-44,text,true,,251,167,12,12,http://5.75.203.123:5005/object_info_1?name=Sviatoslav&age=32&weight=105,144,0,74
1674470467755,154,get_method,200,OK,HW_1_50 1-50,text,true,,187,148,12,12,http://5.75.203.123:5005/get_method?name=Slava&age=30,154,0,86
1674470467756,158,object_info_2,200,OK,HW_1_50 1-42,text,true,,490,163,12,12,http://5.75.203.123:5005/object_info_2?name=Artur&age=53&salary=5500,158,0,87
1674470467756,158,user_info_3,200,OK,HW_1_50 1-46,text,true,,382,244,12,12,http://5.75.203.123:5005/user_info_3,158,0,87
1674470467790,125,object_info_4,200,OK,HW_1_50 1-39,text,true,,255,165,12,12,http://5.75.203.123:5005/object_info_4?name=Dominic&age=27&salary=3500,125,0,63
1674470467800,125,user_info_2,200,OK,HW_1_50 1-49,text,true,,482,247,11,11,http://5.75.203.123:5005/user_info_2,125,0,64
1674470467829,139,object_info_1,200,OK,HW_1_50 1-45,text,true,,251,167,11,11,http://5.75.203.123:5005/object_info_1?name=Sviatoslav&age=32&weight=105,139,0,73
1674470467830,140,object_info_2,200,OK,HW_1_50 1-43,text,true,,490,163,11,11,http://5.75.203.123:5005/object_info_2?name=Artur&age=53&salary=5500,140,0,72
1674470467837,136,object_info_3,200,OK,HW_1_50 1-41,text,true,,532,162,11,11,http://5.75.203.123:5005/object_info_3?name=Ivan&age=25&salary=2000,136,0,67
1674470467843,131,user_info_3,200,OK,HW_1_50 1-47,text,true,,382,244,11,11,http://5.75.203.123:5005/user_info_3,131,0,65
1674470467855,122,user_info_3,200,OK,HW_1_50 1-48,text,true,,382,244,11,11,http://5.75.203.123:5005/user_info_3,122,0,61
1674470467854,126,object_info_4,200,OK,HW_1_50 1-40,text,true,,255,165,11,11,http://5.75.203.123:5005/object_info_4?name=Dominic&age=27&salary=3500,126,0,65
1674470467925,123,user_info_3,200,OK,HW_1_50 1-49,text,true,,382,244,10,10,http://5.75.203.123:5005/user_info_3,123,0,61
1674470467914,125,object_info_3,200,OK,HW_1_50 1-42,text,true,,532,162,10,10,http://5.75.203.123:5005/object_info_3?name=Ivan&age=25&salary=2000,125,0,60
1674470467915,124,object_info_1,200,OK,HW_1_50 1-46,text,true,,251,167,10,10,http://5.75.203.123:5005/object_info_1?name=Sviatoslav&age=32&weight=105,123,0,59
1674470467909,123,user_info_2,200,OK,HW_1_50 1-50,text,true,,482,247,10,10,http://5.75.203.123:5005/user_info_2,123,0,61
1674470467894,119,object_info_2,200,OK,HW_1_50 1-44,text,true,,490,163,10,10,http://5.75.203.123:5005/object_info_2?name=Artur&age=53&salary=5500,119,0,59
1674470467969,121,object_info_2,200,OK,HW_1_50 1-45,text,true,,490,163,10,10,http://5.75.203.123:5005/object_info_2?name=Artur&age=53&salary=5500,121,0,58
1674470467971,126,object_info_3,200,OK,HW_1_50 1-43,text,true,,532,162,10,10,http://5.75.203.123:5005/object_info_3?name=Ivan&age=25&salary=2000,126,0,60
1674470467975,124,object_info_1,200,OK,HW_1_50 1-47,text,true,,251,167,10,10,http://5.75.203.123:5005/object_info_1?name=Sviatoslav&age=32&weight=105,124,0,59
1674470467974,128,object_info_4,200,OK,HW_1_50 1-41,text,true,,255,165,10,10,http://5.75.203.123:5005/object_info_4?name=Dominic&age=27&salary=3500,128,0,61
1674470467978,124,object_info_1,200,OK,HW_1_50 1-48,text,true,,251,167,10,10,http://5.75.203.123:5005/object_info_1?name=Sviatoslav&age=32&weight=105,124,0,59
1674470468057,121,object_info_1,200,OK,HW_1_50 1-49,text,true,,251,167,9,9,http://5.75.203.123:5005/object_info_1?name=Sviatoslav&age=32&weight=105,121,0,58
1674470468058,121,object_info_2,200,OK,HW_1_50 1-46,text,true,,490,163,9,9,http://5.75.203.123:5005/object_info_2?name=Artur&age=53&salary=5500,121,0,58
1674470468058,123,object_info_4,200,OK,HW_1_50 1-42,text,true,,255,165,9,9,http://5.75.203.123:5005/object_info_4?name=Dominic&age=27&salary=3500,123,0,59
1674470468059,127,user_info_3,200,OK,HW_1_50 1-50,text,true,,382,244,8,8,http://5.75.203.123:5005/user_info_3,126,0,60
1674470468059,127,object_info_3,200,OK,HW_1_50 1-44,text,true,,532,162,8,8,http://5.75.203.123:5005/object_info_3?name=Ivan&age=25&salary=2000,127,0,61
1674470468090,123,object_info_3,200,OK,HW_1_50 1-45,text,true,,532,162,8,8,http://5.75.203.123:5005/object_info_3?name=Ivan&age=25&salary=2000,123,0,59
1674470468097,124,object_info_4,200,OK,HW_1_50 1-43,text,true,,255,165,8,8,http://5.75.203.123:5005/object_info_4?name=Dominic&age=27&salary=3500,124,0,60
1674470468100,122,object_info_2,200,OK,HW_1_50 1-47,text,true,,490,163,7,7,http://5.75.203.123:5005/object_info_2?name=Artur&age=53&salary=5500,122,0,58
1674470468103,121,object_info_2,200,OK,HW_1_50 1-48,text,true,,490,163,7,7,http://5.75.203.123:5005/object_info_2?name=Artur&age=53&salary=5500,121,0,58
1674470468179,127,object_info_3,200,OK,HW_1_50 1-46,text,true,,532,162,7,7,http://5.75.203.123:5005/object_info_3?name=Ivan&age=25&salary=2000,126,0,61
1674470468178,128,object_info_2,200,OK,HW_1_50 1-49,text,true,,490,163,7,7,http://5.75.203.123:5005/object_info_2?name=Artur&age=53&salary=5500,128,0,60
1674470468186,126,object_info_1,200,OK,HW_1_50 1-50,text,true,,251,167,7,7,http://5.75.203.123:5005/object_info_1?name=Sviatoslav&age=32&weight=105,126,0,63
1674470468186,128,object_info_4,200,OK,HW_1_50 1-44,text,true,,255,165,7,7,http://5.75.203.123:5005/object_info_4?name=Dominic&age=27&salary=3500,127,0,64
1674470468214,126,object_info_4,200,OK,HW_1_50 1-45,text,true,,255,165,6,6,http://5.75.203.123:5005/object_info_4?name=Dominic&age=27&salary=3500,125,0,61
1674470468225,123,object_info_3,200,OK,HW_1_50 1-48,text,true,,532,162,5,5,http://5.75.203.123:5005/object_info_3?name=Ivan&age=25&salary=2000,123,0,60
1674470468223,127,object_info_3,200,OK,HW_1_50 1-47,text,true,,532,162,5,5,http://5.75.203.123:5005/object_info_3?name=Ivan&age=25&salary=2000,126,0,61
1674470468307,123,object_info_3,200,OK,HW_1_50 1-49,text,true,,532,162,5,5,http://5.75.203.123:5005/object_info_3?name=Ivan&age=25&salary=2000,123,0,59
1674470468306,126,object_info_4,200,OK,HW_1_50 1-46,text,true,,255,165,5,5,http://5.75.203.123:5005/object_info_4?name=Dominic&age=27&salary=3500,126,0,60
1674470468313,125,object_info_2,200,OK,HW_1_50 1-50,text,true,,490,163,4,4,http://5.75.203.123:5005/object_info_2?name=Artur&age=53&salary=5500,125,0,59
1674470468349,123,object_info_4,200,OK,HW_1_50 1-48,text,true,,255,165,4,4,http://5.75.203.123:5005/object_info_4?name=Dominic&age=27&salary=3500,123,0,58
1674470468351,128,object_info_4,200,OK,HW_1_50 1-47,text,true,,255,165,3,3,http://5.75.203.123:5005/object_info_4?name=Dominic&age=27&salary=3500,128,0,58
1674470468431,118,object_info_4,200,OK,HW_1_50 1-49,text,true,,255,165,2,2,http://5.75.203.123:5005/object_info_4?name=Dominic&age=27&salary=3500,118,0,58
1674470468438,122,object_info_3,200,OK,HW_1_50 1-50,text,true,,532,162,1,1,http://5.75.203.123:5005/object_info_3?name=Ivan&age=25&salary=2000,122,0,60
1674470468560,124,object_info_4,200,OK,HW_1_50 1-50,text,true,,255,165,1,1,http://5.75.203.123:5005/object_info_4?name=Dominic&age=27&salary=3500,124,0,60
